	Weather (train)	Weather (test)
Transformer	0.009839984	0.00843001
Transformer+KAN	0.012538196	0.010786111
